Workbook

Sheet Dashboard
A1: PAINEL FINANCEIRO COMPLETO
A3: Entradas | B3: =SUM('Fluxo Mensal'!B2:B13)
A4: Saídas | B4: =SUM('Fluxo Mensal'!C2:C13)
A5: Saldo | B5: =B3-B4
A7: Boletos Vencidos | B7: =COUNTIF(Boletos!F2:F300,"Vencido")
A8: Vence em Breve | B8: =COUNTIF(Boletos!F2:F300,"Vence em Breve")
A9: Total em Aberto | B9: =SUMIF(Boletos!F2:F300,"<>Pago",Boletos!E2:E300)

Sheet Fluxo Mensal
A1: Mês | B1: Entradas | C1: Saídas | D1: Saldo
A2: Jan | D2: =B2-C2
A3: Fev | D3: =B3-C3
A4: Mar | D4: =B4-C4
A5: Abr | D5: =B5-C5
A6: Mai | D6: =B6-C6
A7: Jun | D7: =B7-C7
A8: Jul | D8: =B8-C8
A9: Ago | D9: =B9-C9
A10: Set | D10: =B10-C10
A11: Out | D11: =B11-C11
A12: Nov | D12: =B12-C12
A13: Dez | D13: =B13-C13

Sheet Fluxo Diário
A1: Data | B1: Tipo | C1: Categoria | D1: Valor | E1: Saldo Acumulado
E2: =IF(B2="Entrada",D2,-D2)
E3: =E2+IF(B3="Entrada",D3,-D3)
E4: =E3+IF(B4="Entrada",D4,-D4)
E5: =E4+IF(B5="Entrada",D5,-D5)
E6: =E5+IF(B6="Entrada",D6,-D6)
E7: =E6+IF(B7="Entrada",D7,-D7)
E8: =E7+IF(B8="Entrada",D8,-D8)
E9: =E8+IF(B9="Entrada",D9,-D9)
E10: =E9+IF(B10="Entrada",D10,-D10)
E11: =E10+IF(B11="Entrada",D11,-D11)
E12: =E11+IF(B12="Entrada",D12,-D12)
E13: =E12+IF(B13="Entrada",D13,-D13)
E14: =E13+IF(B14="Entrada",D14,-D14)
... E199: =E198+IF(B199="Entrada",D199,-D199)

Sheet Boletos
A1: Fornecedor | B1: Descrição | C1: Grupo | D1: Parcela | E1: Vencimento | F1: Valor | G1: Status | H1: Dias
G2: =IF(F2="","",IF(TODAY()>E2,"Vencido",IF(E2-TODAY()<=5,"Vence em Breve","A Vencer"))) | H2: =IF(E2="","",E2-TODAY())
G3: =IF(F3="","",IF(TODAY()>E3,"Vencido",IF(E3-TODAY()<=5,"Vence em Breve","A Vencer"))) | H3: =IF(E3="","",E3-TODAY())
G4: =IF(F4="","",IF(TODAY()>E4,"Vencido",IF(E4-TODAY()<=5,"Vence em Breve","A Vencer"))) | H4: =IF(E4="","",E4-TODAY())
G5: =IF(F5="","",IF(TODAY()>E5,"Vencido",IF(E5-TODAY()<=5,"Vence em Breve","A Vencer"))) | H5: =IF(E5="","",E5-TODAY())
G6: =IF(F6="","",IF(TODAY()>E6,"Vencido",IF(E6-TODAY()<=5,"Vence em Breve","A Vencer"))) | H6: =IF(E6="","",E6-TODAY())
G7: =IF(F7="","",IF(TODAY()>E7,"Vencido",IF(E7-TODAY()<=5,"Vence em Breve","A Vencer"))) | H7: =IF(E7="","",E7-TODAY())
G8: =IF(F8="","",IF(TODAY()>E8,"Vencido",IF(E8-TODAY()<=5,"Vence em Breve","A Vencer"))) | H8: =IF(E8="","",E8-TODAY())
G9: =IF(F9="","",IF(TODAY()>E9,"Vencido",IF(E9-TODAY()<=5,"Vence em Breve","A Vencer"))) | H9: =IF(E9="","",E9-TODAY())
G10: =IF(F10="","",IF(TODAY()>E10,"Vencido",IF(E10-TODAY()<=5,"Vence em Breve","A Vencer"))) | H10: =IF(E10="","",E10-TODAY())
G11: =IF(F11="","",IF(TODAY()>E11,"Vencido",IF(E11-TODAY()<=5,"Vence em Breve","A Vencer"))) | H11: =IF(E11="","",E11-TODAY())
G12: =IF(F12="","",IF(TODAY()>E12,"Vencido",IF(E12-TODAY()<=5,"Vence em Breve","A Vencer"))) | H12: =IF(E12="","",E12-TODAY())
G13: =IF(F13="","",IF(TODAY()>E13,"Vencido",IF(E13-TODAY()<=5,"Vence em Breve","A Vencer"))) | H13: =IF(E13="","",E13-TODAY())
... G299: =IF(F299="","",IF(TODAY()>E299,"Vencido",IF(E299-TODAY()<=5,"Vence em Breve","A Vencer"))) | H299: =IF(E299="","",E299-TODAY())

Sheet Parcelamento
A1: Valor Total
A2: Nº Parcelas
A3: Valor Parcela | B3: =IF(B2=0,"",B1/B2)
A5: Simulação:
A6: 1 | B6: =IF($B$2>=1,$B$3,"")
A7: 2 | B7: =IF($B$2>=2,$B$3,"")
A8: 3 | B8: =IF($B$2>=3,$B$3,"")
A9: 4 | B9: =IF($B$2>=4,$B$3,"")
A10: 5 | B10: =IF($B$2>=5,$B$3,"")
A11: 6 | B11: =IF($B$2>=6,$B$3,"")
A12: 7 | B12: =IF($B$2>=7,$B$3,"")
A13: 8 | B13: =IF($B$2>=8,$B$3,"")
A14: 9 | B14: =IF($B$2>=9,$B$3,"")
A15: 10 | B15: =IF($B$2>=10,$B$3,"")
A16: 11 | B16: =IF($B$2>=11,$B$3,"")
A17: 12 | B17: =IF($B$2>=12,$B$3,"")
A18: 13 | B18: =IF($B$2>=13,$B$3,"")
A19: 14 | B19: =IF($B$2>=14,$B$3,"")
A20: 15 | B20: =IF($B$2>=15,$B$3,"")
A21: 16 | B21: =IF($B$2>=16,$B$3,"")
A22: 17 | B22: =IF($B$2>=17,$B$3,"")
A23: 18 | B23: =IF($B$2>=18,$B$3,"")
A24: 19 | B24: =IF($B$2>=19,$B$3,"")
A25: 20 | B25: =IF($B$2>=20,$B$3,"")
A26: 21 | B26: =IF($B$2>=21,$B$3,"")
A27: 22 | B27: =IF($B$2>=22,$B$3,"")
A28: 23 | B28: =IF($B$2>=23,$B$3,"")
A29: 24 | B29: =IF($B$2>=24,$B$3,"")
A30: 25 | B30: =IF($B$2>=25,$B$3,"")
A31: 26 | B31: =IF($B$2>=26,$B$3,"")
A32: 27 | B32: =IF($B$2>=27,$B$3,"")
A33: 28 | B33: =IF($B$2>=28,$B$3,"")
A34: 29 | B34: =IF($B$2>=29,$B$3,"")
A35: 30 | B35: =IF($B$2>=30,$B$3,"")
A36: 31 | B36: =IF($B$2>=31,$B$3,"")
A37: 32 | B37: =IF($B$2>=32,$B$3,"")
A38: 33 | B38: =IF($B$2>=33,$B$3,"")
A39: 34 | B39: =IF($B$2>=34,$B$3,"")
A40: 35 | B40: =IF($B$2>=35,$B$3,"")
A41: 36 | B41: =IF($B$2>=36,$B$3,"")
